epoch,start_datetime,end_datetime,duration
108,2025-12-11 07:51,2025-12-12 09:44,25:53:13
109,2025-12-12 09:44,2025-12-13 11:37,25:52:55
110,2025-12-13 11:37,2025-12-14 12:51,25:14:14
111,2025-12-14 12:51,2025-12-15 14:03,25:11:42
112,2025-12-15 14:03,2025-12-16 15:55,25:51:53
113,2025-12-16 15:55,2025-12-17 17:44,25:49:11
114,2025-12-17 17:44,2025-12-18 19:58,26:13:38
115,2025-12-18 19:58,2025-12-19 21:49,25:51:16
116,2025-12-19 21:49,2025-12-20 23:40,25:50:48
117,2025-12-20 23:40,N/A,N/A
